Index,CPU Threshold
0,1.8
1,1.8
2,1.8
3,1.8
4,1.8
5,0.20757450837446828
6,0.67629291591022
7,-0.8184841425352233
8,-0.16264331287094236
9,0.8810503391399979
10,1.2621982224971955
11,-0.4055146228344526
12,1.4764799801668995
13,0.44803394992465684
14,-1.1517363732100585
15,-2.252920464004734
16,-1.7842386566336432
17,-2.4366477464258103
18,-2.887641861369418
19,-2.3305307200734715
20,-2.1188943067063057
21,-1.507943607404332
22,-0.46716740081679775
