Index,CPU Threshold
0,1.8
1,1.8
2,1.8
3,1.8
4,1.8
5,22.615181861930193
6,20.526604614470394
7,19.059701669704527
8,18.04254969226455
9,20.089323629218338
10,20.740199111589817
11,21.492043516107874
12,23.94958313167182
13,22.40647428216996
14,19.1558762717983
15,18.263983780409532
16,17.690017554520256
17,20.57929382712895
