Index,CPU Threshold
0,1.8
1,1.8
2,1.8
3,1.8
4,1.8
5,-0.21753502069434166
6,-0.6694787448519851
7,-0.030814979917604846
8,-0.11257572243484133
9,-0.4253463666853436
10,0.5052829165263724
11,2.1197726845510974
12,2.6655390827302154
13,3.797975605951633
14,2.6079850984423674
15,2.936094429239464
16,3.008847058707846
17,2.162534620290517
18,1.7731052420447804
19,3.006664549569088
20,1.4625654962181955
21,0.5946017132836395
