Index,CPU Threshold
0,1.8
1,1.8
2,1.8
3,1.8
4,1.8
5,23.273506343110025
6,22.0055386779786
7,21.43523982907933
8,21.83908991049561
9,19.519348748015666
10,20.48148055845101
11,20.949616860843225
12,20.71248322451267
13,20.279579187413187
14,22.594509805886634
15,18.365650765783325
16,18.22051034242182
17,21.7317988484199
18,16.74350734359392
19,15.27735921541174
20,18.137553450291968
21,14.710335064668879
22,13.09365332057637
23,18.79973679889164
24,15.33127229350279
