{
  "title": "1 kv nginx",
  "settings": [
    "(100, 1)",
    "(100, 2)",
    "(100, 3)",
    "(100, 4)",
    "(100, 5)",
    "(100, 6)",
    "(100, 7)",
    "(100, 8)",
    "(100, 9)"
  ],
  "throughput": [
    262.62,
    407.56,
    555.94,
    666.20,
    744.48,
    782.82,
    830.78,
    808.46,
    802.41,
    826.38,
    817.89
  ],
  "latency": [
    0.00167,
    0.00195,
    0.00205,
    0.00221,
    0.00268,
    0.00321,
    0.00388,
    0.00428,
    0.00436,
    0.00516,
    0.00549
  ]
}