{
  "title": "1 kv",
  "settings": [
    "(100, 1)",
    "(100, 2)",
    "(100, 3)",
    "(100, 4)",
    "(100, 5)",
    "(100, 6)",
    "(100, 7)",
    "(100, 8)",
    "(100, 9)"
  ],
  "throughput": [
    195.25642889740874,
    282.10836844018627,
    386.33457633182945,
    453.67810658823964,
    514.5261104915237,
    558.6582045737214,
    548.8343209877928,
    591.5109383632407,
    586.7695284344563
  ],
  "latency": [
    0.0013693873087565105,
    0.0017135902245839438,
    0.0016938466495937771,
    0.002176063656806946,
    0.0024116069475809735,
    0.002888956997129652,
    0.0034562609309241885,
    0.0038669173916180927,
    0.004589988655514187
  ]
}