{
  "title": "2 kv",
  "settings": [
    "(100, 1)",
    "(100, 2)",
    "(100, 3)",
    "(100, 4)",
    "(100, 5)",
    "(100, 6)",
    "(100, 7)",
    "(100, 8)",
    "(100, 9)"
  ],
  "throughput": [
    197.51214269445617,
    292.85023141567416,
    396.23086285177163,
    473.96737727114095,
    537.1028716914032,
    592.2878712720016,
    615.4693866456442,
    623.0676529291329,
    652.6010986424751
  ],
  "latency": [
    0.0013318634033203124,
    0.0015042614936828613,
    0.001619510120815701,
    0.0018211984634399414,
    0.001987402121225993,
    0.0022417761219872367,
    0.0025016148885091145,
    0.0028023532032966612,
    0.0031229567527770994
  ]
}