{
  "title": "2 kv nginx",
  "settings": [
    "(100, 1)",
    "(100, 2)",
    "(100, 3)",
    "(100, 4)",
    "(100, 5)",
    "(100, 6)",
    "(100, 7)",
    "(100, 8)",
    "(100, 9)"
  ],
  "throughput": [
    254.25,
    400.39,
    557.49,
    639.99,
    707.69,
    742.51,
    846.92,
    887.42,
    855.22,
    796.10
  ],
  "latency": [
    0.00177,
    0.00201,
    0.00214,
    0.00230,
    0.00271,
    0.00329,
    0.00292,
    0.00325,
    0.00391,
    0.00432
  ]
}