{
  "title": "3 kv",
  "settings": [
    "(100, 1)",
    "(100, 2)",
    "(100, 3)",
    "(100, 4)",
    "(100, 5)",
    "(100, 6)",
    "(100, 7)",
    "(100, 8)",
    "(100, 9)"
  ],
  "throughput": [
    189.26689887860496,
    288.042369513582,
    397.8484478648261,
    480.1753417380824,
    526.1963387217643,
    581.5574784826157,
    616.4178914373014,
    599.3712702402497,
    595.1080636821107
  ],
  "latency": [
    0.0014333192507425944,
    0.001598485310872396,
    0.001705578433142768,
    0.0018404938777287802,
    0.002039720058441162,
    0.0022480405701531306,
    0.0024785205296107703,
    0.0028158493836720785,
    0.0030727449169865363
  ]
}