{
  "title": "3 kv nginx",
  "settings": [
    "(100, 1)",
    "(100, 2)",
    "(100, 3)",
    "(100, 4)",
    "(100, 5)",
    "(100, 6)",
    "(100, 7)",
    "(100, 8)",
    "(100, 9)"
  ],
  "throughput": [
    262.78,
    416.51,
    562.12,
    639.00,
    689.47,
    817.18,
    818.90,
    907.33,
    863.55,
    904.04
  ],
  "latency": [
    0.00181,
    0.00195,
    0.00197,
    0.00236,
    0.00255,
    0.00272,
    0.00299,
    0.00314,
    0.00339,
    0.00374
  ]
}