{"throughput": [137.8556466102809, 232.53689249437082, 254.66754886573614, 261.6703202135337, 243.4020427112349, 233.39426742197483, 253.25239005300722, 249.62380951343286, 240.31391702901038, 243.33922539800284, 238.6372341419, 230.05992580677028, 249.9783687109142, 226.00910430328352, 238.5898803591236, 248.5574780100679, 253.5771235072911, 235.4423702853546, 266.5458326238465, 263.8831451656301, 337.24582772856604], "latency": [0.007253964742024739, 0.004300392893674744, 0.003926687968113332, 0.003821602691447616, 0.004108428955078125, 0.004284595380365571, 0.003948630059486089, 0.004006028118668655, 0.004161223837399652, 0.00410948953406263, 0.004190460904375776, 0.004346693569048224, 0.004000346130574375, 0.004424600518119356, 0.004191292600066725, 0.004023214300394111, 0.003943573403502414, 0.004247323872878134, 0.0037516999990437486, 0.00378955616650823, 0.00296519606109065], "n_requests": [1, 101, 201, 301, 401, 501, 601, 701, 801, 901, 1001, 1101, 1201, 1301, 1401, 1501, 1601, 1701, 1801, 1901, 2001]}