{"throughput": [36.65707104871751, 29.511312189814486, 28.03516574155877, 18.59024855587308, 17.818734376476687, 17.76766322858496, 17.755348188721694, 17.751429604586292, 17.689774530543097, 17.36601058902075], "latency": [0.027279866377512615, 0.0338853112856547, 0.03566948771476745, 0.05379164226849874, 0.05612070862452189, 0.056282021284103395, 0.05632105827331543, 0.056333491007486976, 0.05652983299891154, 0.057583749294281006]}