{"throughput": [53.72568245799752, 53.72161308103573, 53.68913522412205, 52.1403284189891, 52.101628475259965, 52.077636375109755, 52.07666001184681, 52.07439641242932, 52.06633586402129, 52.06460095742021], "latency": [0.01861307207743327, 0.018614482005437215, 0.018625742355982463, 0.019179012298583983, 0.01919325804710388, 0.019202100356419883, 0.019202460368474325, 0.01920329507191976, 0.019206267992655436, 0.019206907987594606]}