{"throughput": [16.86970605284178, 16.848423706196, 16.846430255021875, 16.844503908768832, 16.831869866945233, 16.802512182090137, 16.79196655598713, 16.791751970399698, 16.787006182005346, 16.78542382606473], "latency": [0.05927785563468933, 0.05935273337364197, 0.05935975662867228, 0.05936654504140218, 0.059411105712254844, 0.059514909982681274, 0.05955228630701701, 0.0595530473391215, 0.05956988334655762, 0.05957549897829691]}