{"throughput": [55.09863778251194, 55.07283077192108, 54.71275714664789, 54.58967614846183, 54.52086769283055, 54.464465920668374, 54.42765824359711, 54.40059677738001, 54.3361045847306, 54.26615453974663], "latency": [0.018149269024531046, 0.018157773733139038, 0.018277273019154865, 0.01831848200162252, 0.018341600974400837, 0.018360594987869263, 0.01837301166852315, 0.01838215128580729, 0.018403969287872315, 0.01842769233385722]}