{"throughput": [25.00924819964849, 24.854501338013304, 24.65892782980573, 24.62036450232035, 24.581133616123644, 20.144520132297735, 19.530397458691816, 19.43925220939198, 17.67029077882255, 16.70775566668549], "latency": [0.03998520835240682, 0.04023416066169739, 0.04055326358477274, 0.04061678290367127, 0.04068160629272461, 0.04964129169782003, 0.051202234983444214, 0.051442308028539024, 0.056592164357503257, 0.05985244337717692]}