{"throughput": [25.003309588613934, 19.22748924234853, 19.135101360327717, 19.126060394553612, 19.113435990351924, 18.478056718776344, 18.432905615493226, 18.419188060673456, 15.804776686583784, 15.126980807867428], "latency": [0.039994705359141035, 0.05200887060165405, 0.05225997924804687, 0.0522846827507019, 0.05231921672821045, 0.05411824496587118, 0.05425080672899882, 0.05429120961825053, 0.0632720107237498, 0.06610704493522644]}