{"throughput": [37.93450559844924, 25.4538534420873, 25.3869182137591, 22.80764790825498, 21.209463563303494, 20.759179679250398, 19.06675285188143, 19.026622371388072, 17.878279471522205, 17.147305354070888], "latency": [0.026361224015553793, 0.039286782344182335, 0.03939036599795023, 0.04384494201342265, 0.047148764371871946, 0.048171460310618086, 0.05244731537501017, 0.05255793595314026, 0.05593379394213359, 0.05831820098559062]}