{"throughput": [52.13365940680115, 52.043613937134914, 52.02227496690384, 51.92065407294054, 51.78725580680139, 51.75552765178815, 51.745449167087365, 51.73967644683875, 51.7280334339985, 51.70795236309419], "latency": [0.0191814657052358, 0.01921465333302816, 0.019222534974416096, 0.019260157982508342, 0.01930977002779643, 0.01932160766919454, 0.01932537094751994, 0.019327527125676473, 0.01933187739054362, 0.019339385032653807]}