{"throughput": [19.923600824668988, 17.846009917146564, 17.69759077044285, 17.453402926999832, 17.28391472387323, 17.28327682078016, 17.279808919105168, 17.247518411464018, 16.979498653687582, 16.92426639241461], "latency": [0.05019173034032186, 0.05603493467966716, 0.05650486628214518, 0.05729541707038879, 0.057857263008753455, 0.057859398444493615, 0.05787101030349731, 0.05797935541470846, 0.058894553979237874, 0.05908675607045492]}